PRODUCTO,MARCA,MODELO,IMGSRC
2545 - ANA HICKMANN AH MARI 7 D21,ANA HICKMANN,AH MARI 7 D21,
2546 - ANA HICKMANN AH MARI 7 N01,ANA HICKMANN,AH MARI 7 N01,
2547 - ANA HICKMANN AH NINA 3 N01,ANA HICKMANN,AH NINA 3 N01,
2548 - ANA HICKMANN AH NINA 4 N01,ANA HICKMANN,AH NINA 4 N01,
2549 - ANA HICKMANN AH RAFA 1 01A,ANA HICKMANN,AH RAFA 1 01A,
2550 - ANA HICKMANN AH RAFA 1 04A,ANA HICKMANN,AH RAFA 1 04A,
2551 - ANA HICKMANN AH RAFA 1 05A,ANA HICKMANN,AH RAFA 1 05A,imagenes/2551_7.jpg
2710 - ANA HICKMANN AH10011 07A,ANA HICKMANN,AH10011 07A,
2728 - ANA HICKMANN AH10055 07A,ANA HICKMANN,AH10055 07A,imagenes/2728_9.jpg
2720 - ANA HICKMANN AH10055 08A,ANA HICKMANN,AH10055 08A,
2318 - ANA HICKMANN AH10056 01A,ANA HICKMANN,AH10056 01A,
2317 - ANA HICKMANN AH10056 07A,ANA HICKMANN,AH10056 07A,
2722 - ANA HICKMANN AH10057 04B,ANA HICKMANN,AH10057 04B,
2723 - ANA HICKMANN AH10057 05A,ANA HICKMANN,AH10057 05A,
2719 - ANA HICKMANN AH10058 04A,ANA HICKMANN,AH10058 04A,
2712 - ANA HICKMANN AH10058 05A,ANA HICKMANN,AH10058 05A,imagenes/2712_16.jpg
2706 - ANA HICKMANN AH10060 05A,ANA HICKMANN,AH10060 05A,
2708 - ANA HICKMANN AH10069 07A,ANA HICKMANN,AH10069 07A,
2714 - ANA HICKMANN AH10069 12A,ANA HICKMANN,AH10069 12A,
2715 - ANA HICKMANN AH10070 01A,ANA HICKMANN,AH10070 01A,
2711 - ANA HICKMANN AH10070 06A,ANA HICKMANN,AH10070 06A,imagenes/2711_21.jpg
2716 - ANA HICKMANN AH10070 13A,ANA HICKMANN,AH10070 13A,
2089 - ANA HICKMANN AH1350 07A,ANA HICKMANN,AH1350 07A,imagenes/2089_23.jpg
2079 - ANA HICKMANN AH1353 04AS,ANA HICKMANN,AH1353 04AS,
2106 - ANA HICKMANN AH1353 04D,ANA HICKMANN,AH1353 04D,imagenes/2106_25.jpg
2725 - ANA HICKMANN AH1440 01A,ANA HICKMANN,AH1440 01A,imagenes/2725_26.jpg
1924 - ANA HICKMANN AH60003 H01,ANA HICKMANN,AH60003 H01,
1982 - ANA HICKMANN AH60006 K01,ANA HICKMANN,AH60006 K01,
1983 - ANA HICKMANN AH60007 A01,ANA HICKMANN,AH60007 A01,
1745 - ANA HICKMANN AH60013 G23,ANA HICKMANN,AH60013 G23,
2083 - ANA HICKMANN AH60018 A01,ANA HICKMANN,AH60018 A01,
2101 - ANA HICKMANN AH60019 A01,ANA HICKMANN,AH60019 A01,
2281 - ANA HICKMANN AH60042 D01,ANA HICKMANN,AH60042 D01,imagenes/2281_33.jpg
2278 - ANA HICKMANN AH60047 G02,ANA HICKMANN,AH60047 G02,imagenes/2278_34.jpg
2275 - ANA HICKMANN AH60057 A01,ANA HICKMANN,AH60057 A01,
2298 - ANA HICKMANN AH60065 A01,ANA HICKMANN,AH60065 A01,
2301 - ANA HICKMANN AH60078 A03,ANA HICKMANN,AH60078 A03,
2705 - ANA HICKMANN AH60083 A01,ANA HICKMANN,AH60083 A01,
2704 - ANA HICKMANN AH60083 D01,ANA HICKMANN,AH60083 D01,
1960 - ANA HICKMANN AH6383N A01,ANA HICKMANN,AH6383N A01,
1947 - ANA HICKMANN AH6384N A01,ANA HICKMANN,AH6384N A01,
1945 - ANA HICKMANN AH6384N G01,ANA HICKMANN,AH6384N G01,
1926 - ANA HICKMANN AH6384N G21,ANA HICKMANN,AH6384N G21,
1956 - ANA HICKMANN AH6407N A01,ANA HICKMANN,AH6407N A01,
2718 - ANA HICKMANN AH6421N H01A,ANA HICKMANN,AH6421N H01A,
2262 - ANA HICKMANN AH90020 A01,ANA HICKMANN,AH90020 A01,imagenes/2262_46.jpg
2319 - ANA HICKMANN AH90020 D21,ANA HICKMANN,AH90020 D21,imagenes/2319_47.jpg
2737 - ATITUDE AT1701 04A,ATITUDE,AT1701 04A,imagenes/2737_48.jpg
2248 - ATITUDE AT1704 13A,ATITUDE,AT1704 13A,imagenes/2248_49.jpg
2328 - ATITUDE AT1709M 02A,ATITUDE,AT1709M 02A,imagenes/2328_50.jpg
2748 - ATITUDE AT1715 04B,ATITUDE,AT1715 04B,imagenes/2748_51.jpg
2848 - ATITUDE AT1719 04A,ATITUDE,AT1719 04A,
2751 - ATITUDE AT1719 04B,ATITUDE,AT1719 04B,
2831 - ATITUDE AT1720 09A,ATITUDE,AT1720 09A,
2831 - ATITUDE AT1720 09A,ATITUDE,AT1720 09A,imagenes/2831_55.jpg
2327 - ATITUDE AT2121 03A,ATITUDE,AT2121 03A,imagenes/2327_56.jpg
2745 - ATITUDE AT2121 04A,ATITUDE,AT2121 04A,imagenes/2745_57.jpg
2331 - ATITUDE AT2122 02A,ATITUDE,AT2122 02A,imagenes/2331_58.jpg
2333 - ATITUDE AT2123 05A,ATITUDE,AT2123 05A,
2332 - ATITUDE AT2123 05B,ATITUDE,AT2123 05B,imagenes/2332_60.jpg
2337 - ATITUDE AT2124 06A,ATITUDE,AT2124 06A,imagenes/2337_61.jpg
2336 - ATITUDE AT2124 07A,ATITUDE,AT2124 07A,imagenes/2336_62.jpg
2859 - ATITUDE AT2125 08A,ATITUDE,AT2125 08A,imagenes/2859_63.jpg
2800 - ATITUDE AT2125 13A,ATITUDE,AT2125 13A,
2342 - ATITUDE AT2127M A01,ATITUDE,AT2127M A01,imagenes/2342_65.jpg
2340 - ATITUDE AT2127M H01,ATITUDE,AT2127M H01,imagenes/2340_66.jpg
2825 - ATITUDE AT2133M 04A,ATITUDE,AT2133M 04A,
2863 - ATITUDE AT2134M 04A,ATITUDE,AT2134M 04A,imagenes/2863_68.jpg
2759 - ATITUDE AT2135 02A,ATITUDE,AT2135 02A,
2347 - ATITUDE AT2135 04A,ATITUDE,AT2135 04A,
2348 - ATITUDE AT2135 05A,ATITUDE,AT2135 05A,
2846 - ATITUDE AT2136 05A,ATITUDE,AT2136 05A,
2350 - ATITUDE AT2137 05A,ATITUDE,AT2137 05A,
2352 - ATITUDE AT2137 12A,ATITUDE,AT2137 12A,
2351 - ATITUDE AT2137 13A,ATITUDE,AT2137 13A,
2349 - ATITUDE AT2138 05A,ATITUDE,AT2138 05A,imagenes/2349_76.jpg
2354 - ATITUDE AT2138 12A,ATITUDE,AT2138 12A,imagenes/2354_77.jpg
2353 - ATITUDE AT2138 13A,ATITUDE,AT2138 13A,
2778 - ATITUDE AT2161 01A,ATITUDE,AT2161 01A,
2773 - ATITUDE AT2161 04A,ATITUDE,AT2161 04A,imagenes/2773_80.jpg
2827 - ATITUDE AT2161 09A,ATITUDE,AT2161 09A,imagenes/2827_81.jpg
2744 - ATITUDE AT2162 01A,ATITUDE,AT2162 01A,imagenes/2744_82.jpg
2749 - ATITUDE AT2162 04A,ATITUDE,AT2162 04A,imagenes/2749_83.jpg
2729 - ATITUDE AT2162 09A,ATITUDE,AT2162 09A,imagenes/2729_84.jpg
2787 - ATITUDE AT4126 H02,ATITUDE,AT4126 H02,
2866 - ATITUDE AT4133 N02,ATITUDE,AT4133 N02,imagenes/2866_86.jpg
2779 - ATITUDE AT4146M A11,ATITUDE,AT4146M A11,imagenes/2779_87.jpg
2813 - ATITUDE AT4147 A01,ATITUDE,AT4147 A01,
2743 - ATITUDE AT4147 N01,ATITUDE,AT4147 N01,
2741 - ATITUDE AT4148 G01,ATITUDE,AT4148 G01,imagenes/2741_90.jpg
2774 - ATITUDE AT4149M A11,ATITUDE,AT4149M A11,
2791 - ATITUDE AT4149M D11,ATITUDE,AT4149M D11,
2355 - ATITUDE AT6275 A01,ATITUDE,AT6275 A01,
2203 - ATITUDE AT6275 R01,ATITUDE,AT6275 R01,imagenes/2203_94.jpg
2733 - ATITUDE AT6276 A01,ATITUDE,AT6276 A01,
2849 - ATITUDE AT6276 G22,ATITUDE,AT6276 G22,
2358 - ATITUDE AT6278 C01,ATITUDE,AT6278 C01,
2359 - ATITUDE AT6278 K01,ATITUDE,AT6278 K01,imagenes/2359_98.jpg
2357 - ATITUDE AT6279 C01,ATITUDE,AT6279 C01,
2235 - ATITUDE AT6279 K01,ATITUDE,AT6279 K01,
2360 - ATITUDE AT6285 A03,ATITUDE,AT6285 A03,imagenes/2360_101.jpg
2363 - ATITUDE AT6285 K02,ATITUDE,AT6285 K02,imagenes/2363_102.jpg
2368 - ATITUDE AT6286 A02,ATITUDE,AT6286 A02,imagenes/2368_103.jpg
2201 - ATITUDE AT6287 A03,ATITUDE,AT6287 A03,imagenes/2201_104.jpg
2202 - ATITUDE AT6287 C02,ATITUDE,AT6287 C02,
2365 - ATITUDE AT6287 K03,ATITUDE,AT6287 K03,
2843 - ATITUDE AT6294M A02,ATITUDE,AT6294M A02,
2842 - ATITUDE AT6295 A01,ATITUDE,AT6295 A01,
2839 - ATITUDE AT6295 G02,ATITUDE,AT6295 G02,
2838 - ATITUDE AT6295 K02,ATITUDE,AT6295 K02,
2861 - ATITUDE AT6296 A01,ATITUDE,AT6296 A01,
2864 - ATITUDE AT6296 D02,ATITUDE,AT6296 D02,imagenes/2864_112.jpg
2736 - ATITUDE AT6301M A12,ATITUDE,AT6301M A12,
2732 - ATITUDE AT6301M H12,ATITUDE,AT6301M H12,imagenes/2732_114.jpg
1628 - ATITUDE AT7071 T01,ATITUDE,AT7071 T01,imagenes/1628_115.jpg
2001 - ATITUDE AT7169 A01,ATITUDE,AT7169 A01,
2011 - ATITUDE AT7174 A01,ATITUDE,AT7174 A01,
2378 - ATITUDE AT7180 D01,ATITUDE,AT7180 D01,
2837 - ATITUDE AT7184M D02,ATITUDE,AT7184M D02,
2379 - ATITUDE AT7185M A01,ATITUDE,AT7185M A01,imagenes/2379_120.jpg
2810 - ATITUDE AT7187 C21,ATITUDE,AT7187 C21,imagenes/2810_121.jpg
2804 - ATITUDE AT7187 J01,ATITUDE,AT7187 J01,imagenes/2804_122.jpg
2384 - ATITUDE AT7187 K01,ATITUDE,AT7187 K01,imagenes/2384_123.jpg
2809 - ATITUDE AT7187 T01,ATITUDE,AT7187 T01,imagenes/2809_124.jpg
2812 - ATITUDE AT7188 C01,ATITUDE,AT7188 C01,
2385 - ATITUDE AT7188 G01,ATITUDE,AT7188 G01,imagenes/2385_126.jpg
2805 - ATITUDE AT7188 T01,ATITUDE,AT7188 T01,
2814 - ATITUDE AT7189 H02,ATITUDE,AT7189 H02,
2817 - ATITUDE AT7189 K02,ATITUDE,AT7189 K02,imagenes/2817_129.jpg
2811 - ATITUDE AT7189 T01,ATITUDE,AT7189 T01,
2811 - ATITUDE AT7190 A01,ATITUDE,AT7190 A01,
2822 - ATITUDE AT7190 D02,ATITUDE,AT7190 D02,imagenes/2822_132.jpg
2780 - ATITUDE AT7190 K01,ATITUDE,AT7190 K01,imagenes/2780_133.jpg
2382 - ATITUDE AT7194 D02,ATITUDE,AT7194 D02,imagenes/2382_134.jpg
2841 - ATITUDE AT7194 H02,ATITUDE,AT7194 H02,
2835 - ATITUDE AT7195 D02,ATITUDE,AT7195 D02,
2381 - ATITUDE AT7195 N02,ATITUDE,AT7195 N02,imagenes/2381_137.jpg
2834 - ATITUDE AT7202 G02,ATITUDE,AT7202 G02,imagenes/2834_138.jpg
2854 - ATITUDE AT7203 C02,ATITUDE,AT7203 C02,
2392 - ATITUDE AT7213 K02,ATITUDE,AT7213 K02,imagenes/2392_140.jpg
2394 - ATITUDE AT7213 K12,ATITUDE,AT7213 K12,imagenes/2394_141.jpg
2857 - ATITUDE AT7213 R01,ATITUDE,AT7213 R01,imagenes/2857_142.jpg
2806 - ATITUDE AT7214 K02,ATITUDE,AT7214 K02,imagenes/2806_143.jpg
2395 - ATITUDE AT7214 K12,ATITUDE,AT7214 K12,imagenes/2395_144.jpg
2397 - ATITUDE AT7215 C02,ATITUDE,AT7215 C02,imagenes/2397_145.jpg
2398 - ATITUDE AT7215 R02,ATITUDE,AT7215 R02,
2936 - ATITUDE AT7215 R03,ATITUDE,AT7215 R03,
2865 - ATITUDE AT7216 C02,ATITUDE,AT7216 C02,imagenes/2865_148.jpg
2400 - ATITUDE AT7216 R02,ATITUDE,AT7216 R02,imagenes/2400_149.jpg
2399 - ATITUDE AT7216 R03,ATITUDE,AT7216 R03,
2815 - ATITUDE AT7217 A01,ATITUDE,AT7217 A01,
2821 - ATITUDE AT7217 C01,ATITUDE,AT7217 C01,
2757 - ATITUDE AT7217 G02,ATITUDE,AT7217 G02,imagenes/2757_153.jpg
2818 - ATITUDE AT7218 A01,ATITUDE,AT7218 A01,imagenes/2818_154.jpg
2816 - ATITUDE AT7218 C02,ATITUDE,AT7218 C02,imagenes/2816_155.jpg
2808 - ATITUDE AT7218 G02,ATITUDE,AT7218 G02,imagenes/2808_156.jpg
2823 - ATITUDE AT7221 C02,ATITUDE,AT7221 C02,imagenes/2823_157.jpg
2755 - ATITUDE AT7221 D02,ATITUDE,AT7221 D02,
2756 - ATITUDE AT7221 G02,ATITUDE,AT7221 G02,
2855 - ATITUDE AT7221 H02,ATITUDE,AT7221 H02,
2752 - ATITUDE AT7222 C02,ATITUDE,AT7222 C02,
2754 - ATITUDE AT7222 G02,ATITUDE,AT7222 G02,imagenes/2754_162.jpg
2758 - ATITUDE AT7222 R02,ATITUDE,AT7222 R02,imagenes/2758_163.jpg
2858 - ATITUDE AT7223 G02,ATITUDE,AT7223 G02,imagenes/2858_164.jpg
2753 - ATITUDE AT7223 H02,ATITUDE,AT7223 H02,imagenes/2753_165.jpg
2738 - ATITUDE AT7224 G02,ATITUDE,AT7224 G02,imagenes/2738_166.jpg
2735 - ATITUDE AT7224 H02,ATITUDE,AT7224 H02,imagenes/2735_167.jpg
2790 - ATITUDE AT7224 K02,ATITUDE,AT7224 K02,imagenes/2790_168.jpg
2792 - ATITUDE AT7227M H12,ATITUDE,AT7227M H12,
2826 - ATITUDE AT7228 K12,ATITUDE,AT7228 K12,
2767 - ATITUDE AT7230 K12,ATITUDE,AT7230 K12,imagenes/2767_171.jpg
2766 - ATITUDE AT7230 R12,ATITUDE,AT7230 R12,
2739 - ATITUDE AT7231 K12,ATITUDE,AT7231 K12,imagenes/2739_173.jpg
2740 - ATITUDE AT7231 R12,ATITUDE,AT7231 R12,imagenes/2740_174.jpg
2852 - ATITUDE AT7234 D02,ATITUDE,AT7234 D02,imagenes/2852_175.jpg
2856 - ATITUDE AT7234 K12,ATITUDE,AT7234 K12,imagenes/2856_176.jpg
2734 - ATITUDE AT7252 A11,ATITUDE,AT7252 A11,
2771 - ATITUDE AT7252 T01,ATITUDE,AT7252 T01,
2807 - ATITUDE AT8196M A11,ATITUDE,AT8196M A11,imagenes/2807_179.jpg
2763 - ATITUDE AT8197M D11,ATITUDE,AT8197M D11,imagenes/2763_180.jpg
2769 - ATITUDE AT8199M E13,ATITUDE,AT8199M E13,imagenes/2769_181.jpg
2768 - ATITUDE AT8202M E12,ATITUDE,AT8202M E12,imagenes/2768_182.jpg
2762 - ATITUDE AT8240 A11,ATITUDE,AT8240 A11,
2730 - ATITUDE AT8240 H11,ATITUDE,AT8240 H11,imagenes/2730_184.jpg
2244 - ATITUDE ATK4005 L01,ATITUDE,ATK4005 L01,imagenes/2244_185.jpg
2783 - ATITUDE ATK4006 L01,ATITUDE,ATK4006 L01,imagenes/2783_186.jpg
2829 - ATITUDE ATK4007 K01,ATITUDE,ATK4007 K01,imagenes/2829_187.jpg
2796 - ATITUDE ATK4007 L01,ATITUDE,ATK4007 L01,
2243 - ATITUDE ATK4008 A01,ATITUDE,ATK4008 A01,
2242 - ATITUDE ATK4008 K01,ATITUDE,ATK4008 K01,imagenes/2242_190.jpg
2241 - ATITUDE ATK4008 L01,ATITUDE,ATK4008 L01,
2532 - ATITUDE ATK6036 D02,ATITUDE,ATK6036 D02,
2747 - ATITUDE ATK6040 K02,ATITUDE,ATK6040 K02,
2935 - ATITUDE ATK6040 L02,ATITUDE,ATK6040 L02,imagenes/2935_194.jpg
2750 - ATITUDE ATK6041 K02,ATITUDE,ATK6041 K02,imagenes/2750_195.jpg
2784 - ATITUDE ATK6041 L02,ATITUDE,ATK6041 L02,imagenes/2784_196.jpg
2782 - ATITUDE ATK6042 D02,ATITUDE,ATK6042 D02,imagenes/2782_197.jpg
2797 - ATITUDE ATK6042 H02,ATITUDE,ATK6042 H02,imagenes/2797_198.jpg
2781 - ATITUDE ATK6042 H03,ATITUDE,ATK6042 H03,imagenes/2781_199.jpg
2765 - ATITUDE ATK6043 H02,ATITUDE,ATK6043 H02,imagenes/2765_200.jpg
2795 - ATITUDE ATK6044 L02,ATITUDE,ATK6044 L02,imagenes/2795_201.jpg
1899 - ATITUDE ATK7000 A01,ATITUDE,ATK7000 A01,
1769 - ATITUDE ATK7002 D01,ATITUDE,ATK7002 D01,
2775 - ATITUDE ATK7013 G02,ATITUDE,ATK7013 G02,imagenes/2775_204.jpg
2793 - ATITUDE ATK7013 K01,ATITUDE,ATK7013 K01,imagenes/2793_205.jpg
2777 - ATITUDE ATK7014 G02,ATITUDE,ATK7014 G02,imagenes/2777_206.jpg
2506 - BULGET BG1691M 02A,BULGET,BG1691M 02A,
2419 - BULGET BG1716M 06B,BULGET,BG1716M 06B,imagenes/2419_208.jpg
2925 - BULGET BG1719M 02B,BULGET,BG1719M 02B,imagenes/2925_209.jpg
2929 - BULGET BG1719M 03B,BULGET,BG1719M 03B,imagenes/2929_210.jpg
2424 - BULGET BG1729M  09B,BULGET,BG1729M  09B,imagenes/2424_211.jpg
2912 - BULGET BG1734M 02B,BULGET,BG1734M 02B,
2923 - BULGET BG1734M 09B,BULGET,BG1734M 09B,imagenes/2923_213.jpg
2921 - BULGET BG1735M 09B,BULGET,BG1735M 09B,imagenes/2921_214.jpg
2931 - BULGET BG1736M 02B,BULGET,BG1736M 02B,imagenes/2931_215.jpg
2872 - BULGET BG1736M 06B,BULGET,BG1736M 06B,
2928 - BULGET BG1736M 09B,BULGET,BG1736M 09B,imagenes/2928_217.jpg
2927 - BULGET BG1737M 01B,BULGET,BG1737M 01B,
2917 - BULGET BG1737M 02B,BULGET,BG1737M 02B,imagenes/2917_219.jpg
2922 - BULGET BG1737M 09B,BULGET,BG1737M 09B,
2890 - BULGET BG1740T 04B,BULGET,BG1740T 04B,
2891 - BULGET BG1741T 04B,BULGET,BG1741T 04B,imagenes/2891_222.jpg
2894 - BULGET BG1743MT 02B,BULGET,BG1743MT 02B,imagenes/2894_223.jpg
2886 - BULGET BG1743MT 03B,BULGET,BG1743MT 03B,
2887 - BULGET BG1743MT 04B,BULGET,BG1743MT 04B,imagenes/2887_225.jpg
2429 - BULGET BG2065MT 06A,BULGET,BG2065MT 06A,imagenes/2429_226.jpg
2430 - BULGET BG2065MT 09A,BULGET,BG2065MT 09A,imagenes/2430_227.jpg
2881 - BULGET BG2110M 09B,BULGET,BG2110M 09B,
2882 - BULGET BG2128M 02B,BULGET,BG2128M 02B,
2883 - BULGET BG2128M 06B,BULGET,BG2128M 06B,
2874 - BULGET BG2130M 02A,BULGET,BG2130M 02A,imagenes/2874_231.jpg
2873 - BULGET BG2132M 09B,BULGET,BG2132M 09B,
2911 - BULGET BG2134M 02B,BULGET,BG2134M 02B,imagenes/2911_233.jpg
2920 - BULGET BG2135M 02B,BULGET,BG2135M 02B,imagenes/2920_234.jpg
2924 - BULGET BG2135M 09B,BULGET,BG2135M 09B,
2918 - BULGET BG2143M 09B,BULGET,BG2143M 09B,
2901 - BULGET BG2148M 02B,BULGET,BG2148M 02B,
2904 - BULGET BG2148M 06B,BULGET,BG2148M 06B,
2902 - BULGET BG2148M 09B,BULGET,BG2148M 09B,imagenes/2902_239.jpg
2869 - BULGET BG2149M 02B,BULGET,BG2149M 02B,
2870 - BULGET BG2149M 06B,BULGET,BG2149M 06B,
2871 - BULGET BG2151M 04A,BULGET,BG2151M 04A,
2582 - BULGET BG2156M 04A,BULGET,BG2156M 04A,imagenes/2582_243.jpg
2583 - BULGET BG2156M 04B,BULGET,BG2156M 04B,imagenes/2583_244.jpg
2586 - BULGET BG4064N A01,BULGET,BG4064N A01,imagenes/2586_245.jpg
1660 - BULGET BG6198N A01,BULGET,BG6198N A01,imagenes/1660_246.jpg
2122 - BULGET BG6396N A01,BULGET,BG6396N A01,
2452 - BULGET BG6403M A02,BULGET,BG6403M A02,
2458 - BULGET BG6421M A03,BULGET,BG6421M A03,
2165 - BULGET BG6422M E01,BULGET,BG6422M E01,
2597 - BULGET BG6426M G02,BULGET,BG6426M G02,
2598 - BULGET BG6426M H02,BULGET,BG6426M H02,imagenes/2598_252.jpg
2599 - BULGET BG6427M A01,BULGET,BG6427M A01,
2600 - BULGET BG6427M H01,BULGET,BG6427M H01,imagenes/2600_254.jpg
2613 - BULGET BG6437M A11,BULGET,BG6437M A11,imagenes/2613_255.jpg
2615 - BULGET BG6438M A11,BULGET,BG6438M A11,imagenes/2615_256.jpg
2616 - BULGET BG6438M D11,BULGET,BG6438M D11,imagenes/2616_257.jpg
2617 - BULGET BG6438M E11,BULGET,BG6438M E11,imagenes/2617_258.jpg
2630 - BULGET BG7213I G01,BULGET,BG7213I G01,
2489 - BULGET BG8072M 02B,BULGET,BG8072M 02B,imagenes/2489_260.jpg
2490 - BULGET BG8072M 09C,BULGET,BG8072M 09C,
2491 - BULGET BG8073M D11,BULGET,BG8073M D11,
2571 - BULGET BG8096M H02P,BULGET,BG8096M H02P,imagenes/2571_263.jpg
2574 - BULGET BG8102M 02CP,BULGET,BG8102M 02CP,
2487 - BULGET BG9162M D01,BULGET,BG9162M D01,imagenes/2487_265.jpg
2485 - BULGET BG9181M D21P,BULGET,BG9181M D21P,
2644 - FERRATI FE1078T 02C,FERRATI,FE1078T 02C,
2543 - HICKMANN AH LIVIA 2 09A,HICKMANN,AH LIVIA 2 09A,
2544 - HICKMANN AH LIVIA 3 05A,HICKMANN,AH LIVIA 3 05A,
2700 - HICKMANN HI ACACIA 5 K02,HICKMANN,HI ACACIA 5 K02,
2702 - HICKMANN HI ACACIA 6 C02,HICKMANN,HI ACACIA 6 C02,
2701 - HICKMANN HI ACACIA 6 H02,HICKMANN,HI ACACIA 6 H02,
2699 - HICKMANN HI ACACIA 6 J02,HICKMANN,HI ACACIA 6 J02,
2703 - HICKMANN HI AZALEIA 2 06A,HICKMANN,HI AZALEIA 2 06A,
2651 - HICKMANN HI BROMELIA 1 G03,HICKMANN,HI BROMELIA 1 G03,
2652 - HICKMANN HI BROMELIA 1 H02,HICKMANN,HI BROMELIA 1 H02,
2653 - HICKMANN HI BROMELIA 1 K02,HICKMANN,HI BROMELIA 1 K02,
2654 - HICKMANN HI BROMELIA 2 G02,HICKMANN,HI BROMELIA 2 G02,imagenes/2654_278.jpg
2655 - HICKMANN HI BROMELIA 2 G03,HICKMANN,HI BROMELIA 2 G03,imagenes/2655_279.jpg
2656 - HICKMANN HI CAMELIA 3 C03,HICKMANN,HI CAMELIA 3 C03,imagenes/2656_280.jpg
2657 - HICKMANN HI CAMELIA 3 G03,HICKMANN,HI CAMELIA 3 G03,imagenes/2657_281.jpg
2658 - HICKMANN HI CAMELIA 4 C03,HICKMANN,HI CAMELIA 4 C03,
2659 - HICKMANN HI CAMELIA 4 G03,HICKMANN,HI CAMELIA 4 G03,imagenes/2659_283.jpg
2660 - HICKMANN HI CAMELIA 4 H03,HICKMANN,HI CAMELIA 4 H03,
2696 - HICKMANN HI LAVANDA 3 05A,HICKMANN,HI LAVANDA 3 05A,
2697 - HICKMANN HI LAVANDA 4 04A,HICKMANN,HI LAVANDA 4 04A,
2698 - HICKMANN HI LAVANDA 4 05A,HICKMANN,HI LAVANDA 4 05A,
2227 - HICKMANN HI10025 05A,HICKMANN,HI10025 05A,imagenes/2227_288.jpg
2661 - HICKMANN HI10047 04A,HICKMANN,HI10047 04A,
2662 - HICKMANN HI10047 09A,HICKMANN,HI10047 09A,imagenes/2662_290.jpg
2663 - HICKMANN HI10048 04A,HICKMANN,HI10048 04A,
2664 - HICKMANN HI10049 05A,HICKMANN,HI10049 05A,imagenes/2664_292.jpg
2665 - HICKMANN HI10050 09A,HICKMANN,HI10050 09A,
2666 - HICKMANN HI10058 09C,HICKMANN,HI10058 09C,
2667 - HICKMANN HI10058 13C,HICKMANN,HI10058 13C,
2668 - HICKMANN HI10060 01A,HICKMANN,HI10060 01A,imagenes/2668_296.jpg
2669 - HICKMANN HI10060 06A,HICKMANN,HI10060 06A,imagenes/2669_297.jpg
2670 - HICKMANN HI10061 01A,HICKMANN,HI10061 01A,
2671 - HICKMANN HI10061 05A,HICKMANN,HI10061 05A,
2403 - HICKMANN HI1139N 13A,HICKMANN,HI1139N 13A,
2672 - HICKMANN HI1157B R01,HICKMANN,HI1157B R01,imagenes/2672_301.jpg
2649 - HICKMANN HI30009 13A,HICKMANN,HI30009 13A,
2673 - HICKMANN HI40003 G03,HICKMANN,HI40003 G03,imagenes/2673_303.jpg
2674 - HICKMANN HI40003 R03,HICKMANN,HI40003 R03,imagenes/2674_304.jpg
2675 - HICKMANN HI40004 D01,HICKMANN,HI40004 D01,
2676 - HICKMANN HI40010 A01,HICKMANN,HI40010 A01,
2677 - HICKMANN HI40015 K02,HICKMANN,HI40015 K02,
1791 - HICKMANN HI60000 H01,HICKMANN,HI60000 H01,
1794 - HICKMANN HI60001 H01,HICKMANN,HI60001 H01,imagenes/1794_309.jpg
2044 - HICKMANN HI60002 A01,HICKMANN,HI60002 A01,
2039 - HICKMANN HI60003 A01,HICKMANN,HI60003 A01,
1798 - HICKMANN HI60006 A01,HICKMANN,HI60006 A01,imagenes/1798_312.jpg
1799 - HICKMANN HI60006 G21,HICKMANN,HI60006 G21,
1806 - HICKMANN HI60008 A02,HICKMANN,HI60008 A02,imagenes/1806_314.jpg
1809 - HICKMANN HI60009 A01,HICKMANN,HI60009 A01,imagenes/1809_315.jpg
1810 - HICKMANN  HI60009 D01,HICKMANN,HI60009 D01,imagenes/1810_316.jpg
2042 - HICKMANN HI60009 G01,HICKMANN,HI60009 G01,
2678 - HICKMANN HI60016 A01,HICKMANN,HI60016 A01,imagenes/2678_318.jpg
2679 - HICKMANN HI60028 A01,HICKMANN,HI60028 A01,imagenes/2679_319.jpg
2680 - HICKMANN HI60030 D01,HICKMANN,HI60030 D01,
2682 - HICKMANN HI60033 A02,HICKMANN,HI60033 A02,
2683 - HICKMANN HI60033 G21,HICKMANN,HI60033 G21,
2684 - HICKMANN HI60034 G02,HICKMANN,HI60034 G02,imagenes/2684_323.jpg
2686 - HICKMANN HI60040 M01,HICKMANN,HI60040 M01,
2687 - HICKMANN HI60040 M02,HICKMANN,HI60040 M02,
2688 - HICKMANN HI60048 A01,HICKMANN,HI60048 A01,
2689 - HICKMANN HI60048 A02,HICKMANN,HI60048 A02,imagenes/2689_327.jpg
2690 - HICKMANN HI60048 D02,HICKMANN,HI60048 D02,
2691 - HICKMANN HI60048 K02,HICKMANN,HI60048 K02,
2693 - HICKMANN HI60049 K02,HICKMANN,HI60049 K02,
